{
"lengthUnit": "mil",
"components": {
	"fields": ["COMPONENT_NO", "COMPONENT_NAME", "LAYER", "X_COORDINATE", "Y_COORDINATE", "ANGLE"],
	"rows": [
		[1, "H1", "T", 0, -300, 0],
		[2, "H2", "T", 0, 300, 0],
		[3, "H7", "T", -670, 270, 0],
		[4, "H8", "T", 670, 270, 0],
		[5, "R1", "T", 200, -65, 0],
		[6, "R2", "T", 200, 25, 180],
		[7, "R3", "T", -200, -65, 180],
		[8, "R4", "T", -200, 25, 0],
		[9, "SCREW1", "T", -590.55, -160.55, 0],
		[10, "SCREW2", "T", 590.55, -160.55, 0],
		[11, "SCREW3", "T", -1161.42, 193.78, 0],
		[12, "SCREW4", "T", -1161.42, -514.88, 0],
		[13, "SCREW5", "T", 1161.42, 193.78, 0],
		[14, "SCREW6", "T", 1161.42, -514.88, 0],
		[15, "U1", "T", 0, -20, 90],
		[16, "PAD1", "T", 588.05, 75.67, 0],
		[17, "PAD1", "B", 588.05, 75.67, 0],
		[18, "PAD2", "T", 588.05, -396.77, 0],
		[19, "PAD2", "B", 588.05, -396.77, 0],
		[20, "PAD3", "T", -593.05, 75.67, 0],
		[21, "PAD3", "B", -593.05, 75.67, 0],
		[22, "PAD4", "T", -593.05, -396.77, 0],
		[23, "PAD4", "B", -593.05, -396.77, 0]
	]
},
"pins": {
	"fields": ["PIN_NO", "PIN_NAME", "PIN_X", "PIN_Y", "LAYER", "PIN_TYPE", "NET_NAME", "NET_TYPE", "PAD_SHAPE", "PAD_SIZEX", "PAD_SIZEY", "HOLE_SIZE", "PAD_ANGLE"],
	"rows": [
		[1, "H1_1", -350, -300, "T", "DIP", "VM", "", "R", 70.87, 70.87, 47.24, 0],
		[2, "H1_1", -350, -300, "B", "DIP", "VM", "", "R", 70.87, 70.87, 47.24, 0],
		[3, "H1_2", -250, -300, "T", "DIP", "VCC", "", "C", 70.87, 70.87, 47.24, 0],
		[4, "H1_2", -250, -300, "B", "DIP", "VCC", "", "C", 70.87, 70.87, 47.24, 0],
		[5, "H1_3", -150, -300, "T", "DIP", "GND", "GND", "C", 70.87, 70.87, 47.24, 0],
		[6, "H1_3", -150, -300, "B", "DIP", "GND", "GND", "C", 70.87, 70.87, 47.24, 0],
		[7, "H1_4", -50, -300, "T", "DIP", "AO1", "", "C", 70.87, 70.87, 47.24, 0],
		[8, "H1_4", -50, -300, "B", "DIP", "AO1", "", "C", 70.87, 70.87, 47.24, 0],
		[9, "H1_5", 50, -300, "T", "DIP", "AO2", "", "C", 70.87, 70.87, 47.24, 0],
		[10, "H1_5", 50, -300, "B", "DIP", "AO2", "", "C", 70.87, 70.87, 47.24, 0],
		[11, "H1_6", 150, -300, "T", "DIP", "BO2", "", "C", 70.87, 70.87, 47.24, 0],
		[12, "H1_6", 150, -300, "B", "DIP", "BO2", "", "C", 70.87, 70.87, 47.24, 0],
		[13, "H1_7", 250, -300, "T", "DIP", "BO1", "", "C", 70.87, 70.87, 47.24, 0],
		[14, "H1_7", 250, -300, "B", "DIP", "BO1", "", "C", 70.87, 70.87, 47.24, 0],
		[15, "H1_8", 350, -300, "T", "DIP", "GND", "GND", "C", 70.87, 70.87, 47.24, 0],
		[16, "H1_8", 350, -300, "B", "DIP", "GND", "GND", "C", 70.87, 70.87, 47.24, 0],
		[17, "H2_1", -350, 300, "T", "DIP", "PWMA", "", "R", 70.87, 70.87, 47.24, 0],
		[18, "H2_1", -350, 300, "B", "DIP", "PWMA", "", "R", 70.87, 70.87, 47.24, 0],
		[19, "H2_2", -250, 300, "T", "DIP", "AIN2", "", "C", 70.87, 70.87, 47.24, 0],
		[20, "H2_2", -250, 300, "B", "DIP", "AIN2", "", "C", 70.87, 70.87, 47.24, 0],
		[21, "H2_3", -150, 300, "T", "DIP", "AIN1", "", "C", 70.87, 70.87, 47.24, 0],
		[22, "H2_3", -150, 300, "B", "DIP", "AIN1", "", "C", 70.87, 70.87, 47.24, 0],
		[23, "H2_4", -50, 300, "T", "DIP", "VCC", "", "C", 70.87, 70.87, 47.24, 0],
		[24, "H2_4", -50, 300, "B", "DIP", "VCC", "", "C", 70.87, 70.87, 47.24, 0],
		[25, "H2_5", 50, 300, "T", "DIP", "BIN1", "", "C", 70.87, 70.87, 47.24, 0],
		[26, "H2_5", 50, 300, "B", "DIP", "BIN1", "", "C", 70.87, 70.87, 47.24, 0],
		[27, "H2_6", 150, 300, "T", "DIP", "BIN2", "", "C", 70.87, 70.87, 47.24, 0],
		[28, "H2_6", 150, 300, "B", "DIP", "BIN2", "", "C", 70.87, 70.87, 47.24, 0],
		[29, "H2_7", 250, 300, "T", "DIP", "PWMB", "", "C", 70.87, 70.87, 47.24, 0],
		[30, "H2_7", 250, 300, "B", "DIP", "PWMB", "", "C", 70.87, 70.87, 47.24, 0],
		[31, "H2_8", 350, 300, "T", "DIP", "GND", "GND", "C", 70.87, 70.87, 47.24, 0],
		[32, "H2_8", 350, 300, "B", "DIP", "GND", "GND", "C", 70.87, 70.87, 47.24, 0],
		[33, "H7_1", -870, 270, "T", "DIP", "GND", "GND", "R", 70.87, 70.87, 43.31, 0],
		[34, "H7_1", -870, 270, "B", "DIP", "GND", "GND", "R", 70.87, 70.87, 43.31, 0],
		[35, "H7_2", -770, 270, "T", "DIP", "VM", "", "C", 70.87, 70.87, 43.31, 0],
		[36, "H7_2", -770, 270, "B", "DIP", "VM", "", "C", 70.87, 70.87, 43.31, 0],
		[37, "H7_3", -670, 270, "T", "DIP", "VCC", "", "C", 70.87, 70.87, 43.31, 0],
		[38, "H7_3", -670, 270, "B", "DIP", "VCC", "", "C", 70.87, 70.87, 43.31, 0],
		[39, "H7_4", -570, 270, "T", "DIP", "DIREA", "", "C", 70.87, 70.87, 43.31, 0],
		[40, "H7_4", -570, 270, "B", "DIP", "DIREA", "", "C", 70.87, 70.87, 43.31, 0],
		[41, "H7_5", -470, 270, "T", "DIP", "PWMA", "", "C", 70.87, 70.87, 43.31, 0],
		[42, "H7_5", -470, 270, "B", "DIP", "PWMA", "", "C", 70.87, 70.87, 43.31, 0],
		[43, "H8_1", 470, 270, "T", "DIP", "PWMB", "", "R", 70.87, 70.87, 43.31, 0],
		[44, "H8_1", 470, 270, "B", "DIP", "PWMB", "", "R", 70.87, 70.87, 43.31, 0],
		[45, "H8_2", 570, 270, "T", "DIP", "DIREB", "", "C", 70.87, 70.87, 43.31, 0],
		[46, "H8_2", 570, 270, "B", "DIP", "DIREB", "", "C", 70.87, 70.87, 43.31, 0],
		[47, "H8_3", 670, 270, "T", "DIP", "VCC", "", "C", 70.87, 70.87, 43.31, 0],
		[48, "H8_3", 670, 270, "B", "DIP", "VCC", "", "C", 70.87, 70.87, 43.31, 0],
		[49, "H8_4", 770, 270, "T", "DIP", "VM", "", "C", 70.87, 70.87, 43.31, 0],
		[50, "H8_4", 770, 270, "B", "DIP", "VM", "", "C", 70.87, 70.87, 43.31, 0],
		[51, "H8_5", 870, 270, "T", "DIP", "GND", "GND", "C", 70.87, 70.87, 43.31, 0],
		[52, "H8_5", 870, 270, "B", "DIP", "GND", "GND", "C", 70.87, 70.87, 43.31, 0],
		[53, "R1_1", 160.63, -65, "T", "SMD", "DIREBO", "", "R", 44.59, 54.21, 0, 0],
		[54, "R1_2", 239.37, -65, "T", "SMD", "BIN1", "", "R", 44.59, 54.21, 0, 0],
		[55, "R2_1", 239.37, 25, "T", "SMD", "DIREB", "", "R", 44.59, 54.21, 0, 180],
		[56, "R2_2", 160.63, 25, "T", "SMD", "BIN2", "", "R", 44.59, 54.21, 0, 180],
		[57, "R3_1", -160.63, -65, "T", "SMD", "DIREAO", "", "R", 44.59, 54.21, 0, 180],
		[58, "R3_2", -239.37, -65, "T", "SMD", "AIN2", "", "R", 44.59, 54.21, 0, 180],
		[59, "R4_1", -239.37, 25, "T", "SMD", "DIREA", "", "R", 44.59, 54.21, 0, 0],
		[60, "R4_2", -160.63, 25, "T", "SMD", "AIN1", "", "R", 44.59, 54.21, 0, 0],
		[61, "SCREW1_1", -593.05, -158.05, "T", "DIP", "SCREW1_1", "", "C", 126, 126, 126, 0],
		[62, "SCREW1_1", -593.05, -158.05, "B", "DIP", "SCREW1_1", "", "C", 126, 126, 126, 0],
		[63, "SCREW2_1", 588.05, -158.05, "T", "DIP", "SCREW2_1", "", "C", 126, 126, 126, 0],
		[64, "SCREW2_1", 588.05, -158.05, "B", "DIP", "SCREW2_1", "", "C", 126, 126, 126, 0],
		[65, "SCREW3_1", -1161.42, 193.78, "T", "DIP", "SCREW3_1", "", "C", 78.74, 78.74, 78.74, 0],
		[66, "SCREW3_1", -1161.42, 193.78, "B", "DIP", "SCREW3_1", "", "C", 78.74, 78.74, 78.74, 0],
		[67, "SCREW4_1", -1161.42, -514.88, "T", "DIP", "SCREW4_1", "", "C", 78.74, 78.74, 78.74, 0],
		[68, "SCREW4_1", -1161.42, -514.88, "B", "DIP", "SCREW4_1", "", "C", 78.74, 78.74, 78.74, 0],
		[69, "SCREW5_1", 1161.42, 193.78, "T", "DIP", "SCREW5_1", "", "C", 78.74, 78.74, 78.74, 0],
		[70, "SCREW5_1", 1161.42, 193.78, "B", "DIP", "SCREW5_1", "", "C", 78.74, 78.74, 78.74, 0],
		[71, "SCREW6_1", 1161.42, -514.88, "T", "DIP", "SCREW6_1", "", "C", 78.74, 78.74, 78.74, 0],
		[72, "SCREW6_1", 1161.42, -514.88, "B", "DIP", "SCREW6_1", "", "C", 78.74, 78.74, 78.74, 0],
		[73, "U1_1", 37.4, 33.15, "T", "SMD", "DIREB", "", "R", 43.31, 23.62, 0, 90],
		[74, "U1_2", 0, 33.15, "T", "SMD", "GND", "GND", "R", 43.31, 23.62, 0, 90],
		[75, "U1_3", -37.4, 33.15, "T", "SMD", "DIREA", "", "R", 43.31, 23.62, 0, 90],
		[76, "U1_4", -37.4, -73.15, "T", "SMD", "DIREAO", "", "R", 43.31, 23.62, 0, 90],
		[77, "U1_5", 0, -73.15, "T", "SMD", "VCC", "", "R", 43.31, 23.62, 0, 90],
		[78, "U1_6", 37.4, -73.15, "T", "SMD", "DIREBO", "", "R", 43.31, 23.62, 0, 90],
		[79, "PAD1_1", 588.05, 75.67, "T", "DIP", "BO2", "", "C", 60, 60, 36, 90],
		[80, "PAD1_1", 588.05, 75.67, "B", "DIP", "BO2", "", "C", 60, 60, 36, 90],
		[81, "PAD2_2", 588.05, -396.77, "T", "DIP", "BO1", "", "C", 60, 60, 36, 90],
		[82, "PAD2_2", 588.05, -396.77, "B", "DIP", "BO1", "", "C", 60, 60, 36, 90],
		[83, "PAD3_1", -593.05, 75.67, "T", "DIP", "AO2", "", "C", 60, 60, 36, 90],
		[84, "PAD3_1", -593.05, 75.67, "B", "DIP", "AO2", "", "C", 60, 60, 36, 90],
		[85, "PAD4_1", -593.05, -396.77, "T", "DIP", "AO1", "", "C", 60, 60, 36, 90],
		[86, "PAD4_1", -593.05, -396.77, "B", "DIP", "AO1", "", "C", 60, 60, 36, 90]
	]
}
}