{
"lengthUnit": "mil",
"components": {
	"fields": ["COMPONENT_NO", "COMPONENT_NAME", "LAYER", "X_COORDINATE", "Y_COORDINATE", "ANGLE"],
	"rows": [
		[1, "ADC2", "T", 157.26, 382.74, 90],
		[2, "BUZZER", "B", 1575.46, 421.25, 180],
		[3, "C11", "B", 1215.2, -274.82, 270],
		[4, "C12", "B", 1421.09, -634.86, 270],
		[5, "C13", "B", 1508.4, -634.86, 270],
		[6, "C14", "B", 1592.16, -634.86, 270],
		[7, "C15", "B", 1902.72, -860.86, 0],
		[8, "C16", "B", 2141.59, -916.32, 270],
		[9, "C17", "B", 905.2, -316.55, 0],
		[10, "C18", "B", 2140.08, -145.6, 90],
		[11, "C19", "B", 2057.91, -145.6, 90],
		[12, "C20", "B", 1741.52, -150.6, 90],
		[13, "C21", "B", 1658.51, -150.6, 90],
		[14, "C22", "B", 2620.46, -573.75, 270],
		[15, "D1", "B", 891.51, -412.29, 180],
		[16, "D2", "B", 1278.4, -836.13, 90],
		[17, "D3", "B", 905.2, -507.29, 180],
		[18, "H2", "T", 2430.46, 382.75, 90],
		[19, "I2S", "B", 644.71, 1011.38, 180],
		[20, "LED3", "T", 555.46, -1423.75, 180],
		[21, "LED4", "T", 555.46, -1333.75, 180],
		[22, "LED5", "T", 2530.04, 1762.87, 180],
		[23, "Q1", "B", 1303.4, -634.86, 0],
		[24, "Q2", "B", 2257.04, -834, 0],
		[25, "Q3", "B", 1135.2, -457.29, 270],
		[26, "Q4", "B", 2750.46, -998.75, 180],
		[27, "R12", "B", 2133.4, -689.86, 270],
		[28, "R13", "B", 1713.4, -558.09, 0],
		[29, "R14", "B", 2045.72, -689.86, 270],
		[30, "R15", "B", 2218.4, -689.86, 90],
		[31, "R16", "B", 1072.67, -147.29, 180],
		[32, "R17", "B", 1175.2, -612.29, 90],
		[33, "R18", "T", 555.46, -1513.75, 180],
		[34, "R19", "B", 1130.46, -1138.75, 90],
		[35, "R20", "B", 1045.46, -1138.75, 270],
		[36, "R21", "B", 2620.46, -743.75, 270],
		[37, "R22", "T", 2530, 1650, 180],
		[38, "RGB", "T", -16.57, 1762.89, 270],
		[39, "S_LCD", "T", -129.54, 1281.25, 270],
		[40, "SW2", "B", 2750.57, -797.87, 270],
		[41, "SW3", "B", 2753.71, -1201.13, 90],
		[42, "U3", "B", 1645.46, -1353.75, 180],
		[43, "U8", "B", 1843.4, -707.26, 90],
		[44, "U9", "B", 1547.86, -944.86, 0],
		[45, "U10", "B", 1080.2, -276.79, 0],
		[46, "U11", "B", 1370.2, -272.29, 90],
		[47, "U12", "B", 1897.76, -300.6, 90],
		[48, "U14", "T", 1490.46, 1553.87, 270],
		[49, "U15", "B", 2519.34, -1094.04, 90],
		[50, "U16", "T", 620.46, 2131.25, 180],
		[51, "USB1", "B", 1090.46, -1433.75, 180]
	]
},
"pins": {
	"fields": ["PIN_NO", "PIN_NAME", "PIN_X", "PIN_Y", "LAYER", "PIN_TYPE", "NET_NAME", "NET_TYPE", "PAD_SHAPE", "PAD_SIZEX", "PAD_SIZEY", "HOLE_SIZE", "PAD_ANGLE"],
	"rows": [
		[1, "ADC2_1", 57.26, 32.74, "T", "DIP", "GND", "GND", "R", 60, 60, 39.37, 90],
		[2, "ADC2_1", 57.26, 32.74, "B", "DIP", "GND", "GND", "R", 60, 60, 39.37, 90],
		[3, "ADC2_2", 57.26, 132.74, "T", "DIP", "GND", "GND", "C", 60, 60, 39.37, 90],
		[4, "ADC2_2", 57.26, 132.74, "B", "DIP", "GND", "GND", "C", 60, 60, 39.37, 90],
		[5, "ADC2_3", 57.26, 232.74, "T", "DIP", "GND", "GND", "C", 60, 60, 39.37, 90],
		[6, "ADC2_3", 57.26, 232.74, "B", "DIP", "GND", "GND", "C", 60, 60, 39.37, 90],
		[7, "ADC2_4", 57.26, 332.74, "T", "DIP", "GND", "GND", "C", 60, 60, 39.37, 90],
		[8, "ADC2_4", 57.26, 332.74, "B", "DIP", "GND", "GND", "C", 60, 60, 39.37, 90],
		[9, "ADC2_5", 57.26, 432.74, "T", "DIP", "GND", "GND", "C", 60, 60, 39.37, 90],
		[10, "ADC2_5", 57.26, 432.74, "B", "DIP", "GND", "GND", "C", 60, 60, 39.37, 90],
		[11, "ADC2_6", 57.26, 532.74, "T", "DIP", "GND", "GND", "C", 60, 60, 39.37, 90],
		[12, "ADC2_6", 57.26, 532.74, "B", "DIP", "GND", "GND", "C", 60, 60, 39.37, 90],
		[13, "ADC2_7", 57.26, 632.74, "T", "DIP", "GND", "GND", "C", 60, 60, 39.37, 90],
		[14, "ADC2_7", 57.26, 632.74, "B", "DIP", "GND", "GND", "C", 60, 60, 39.37, 90],
		[15, "ADC2_8", 57.26, 732.74, "T", "DIP", "GND", "GND", "C", 60, 60, 39.37, 90],
		[16, "ADC2_8", 57.26, 732.74, "B", "DIP", "GND", "GND", "C", 60, 60, 39.37, 90],
		[17, "ADC2_9", 157.26, 32.74, "T", "DIP", "3V3", "", "C", 60, 60, 39.37, 90],
		[18, "ADC2_9", 157.26, 32.74, "B", "DIP", "3V3", "", "C", 60, 60, 39.37, 90],
		[19, "ADC2_10", 157.26, 132.74, "T", "DIP", "3V3", "", "C", 60, 60, 39.37, 90],
		[20, "ADC2_10", 157.26, 132.74, "B", "DIP", "3V3", "", "C", 60, 60, 39.37, 90],
		[21, "ADC2_11", 157.26, 232.74, "T", "DIP", "3V3", "", "C", 60, 60, 39.37, 90],
		[22, "ADC2_11", 157.26, 232.74, "B", "DIP", "3V3", "", "C", 60, 60, 39.37, 90],
		[23, "ADC2_12", 157.26, 332.74, "T", "DIP", "3V3", "", "C", 60, 60, 39.37, 90],
		[24, "ADC2_12", 157.26, 332.74, "B", "DIP", "3V3", "", "C", 60, 60, 39.37, 90],
		[25, "ADC2_13", 157.26, 432.74, "T", "DIP", "3V3", "", "C", 60, 60, 39.37, 90],
		[26, "ADC2_13", 157.26, 432.74, "B", "DIP", "3V3", "", "C", 60, 60, 39.37, 90],
		[27, "ADC2_14", 157.26, 532.74, "T", "DIP", "3V3", "", "C", 60, 60, 39.37, 90],
		[28, "ADC2_14", 157.26, 532.74, "B", "DIP", "3V3", "", "C", 60, 60, 39.37, 90],
		[29, "ADC2_15", 157.26, 632.74, "T", "DIP", "3V3", "", "C", 60, 60, 39.37, 90],
		[30, "ADC2_15", 157.26, 632.74, "B", "DIP", "3V3", "", "C", 60, 60, 39.37, 90],
		[31, "ADC2_16", 157.26, 732.74, "T", "DIP", "3V3", "", "C", 60, 60, 39.37, 90],
		[32, "ADC2_16", 157.26, 732.74, "B", "DIP", "3V3", "", "C", 60, 60, 39.37, 90],
		[33, "ADC2_17", 257.26, 32.74, "T", "DIP", "ADC2_0", "", "C", 60, 60, 39.37, 90],
		[34, "ADC2_17", 257.26, 32.74, "B", "DIP", "ADC2_0", "", "C", 60, 60, 39.37, 90],
		[35, "ADC2_18", 257.26, 132.74, "T", "DIP", "ADC2_2", "", "C", 60, 60, 39.37, 90],
		[36, "ADC2_18", 257.26, 132.74, "B", "DIP", "ADC2_2", "", "C", 60, 60, 39.37, 90],
		[37, "ADC2_19", 257.26, 232.74, "T", "DIP", "ADC2_3", "", "C", 60, 60, 39.37, 90],
		[38, "ADC2_19", 257.26, 232.74, "B", "DIP", "ADC2_3", "", "C", 60, 60, 39.37, 90],
		[39, "ADC2_20", 257.26, 332.74, "T", "DIP", "ADC2_4", "", "C", 60, 60, 39.37, 90],
		[40, "ADC2_20", 257.26, 332.74, "B", "DIP", "ADC2_4", "", "C", 60, 60, 39.37, 90],
		[41, "ADC2_21", 257.26, 432.74, "T", "DIP", "ADC2_5", "", "C", 60, 60, 39.37, 90],
		[42, "ADC2_21", 257.26, 432.74, "B", "DIP", "ADC2_5", "", "C", 60, 60, 39.37, 90],
		[43, "ADC2_22", 257.26, 532.74, "T", "DIP", "ADC1_6", "", "C", 60, 60, 39.37, 90],
		[44, "ADC2_22", 257.26, 532.74, "B", "DIP", "ADC1_6", "", "C", 60, 60, 39.37, 90],
		[45, "ADC2_23", 257.26, 632.74, "T", "DIP", "ADC1_7", "", "C", 60, 60, 39.37, 90],
		[46, "ADC2_23", 257.26, 632.74, "B", "DIP", "ADC1_7", "", "C", 60, 60, 39.37, 90],
		[47, "ADC2_24", 257.26, 732.74, "T", "DIP", "ADC2_24", "", "C", 60, 60, 39.37, 90],
		[48, "ADC2_24", 257.26, 732.74, "B", "DIP", "ADC2_24", "", "C", 60, 60, 39.37, 90],
		[49, "BUZZER_1", 1725.06, 421.25, "T", "DIP", "BEEP", "", "C", 70.87, 70.87, 39.37, 180],
		[50, "BUZZER_1", 1725.06, 421.25, "B", "DIP", "BEEP", "", "C", 70.87, 70.87, 39.37, 180],
		[51, "BUZZER_2", 1425.85, 421.25, "T", "DIP", "GND", "GND", "C", 70.87, 70.87, 39.37, 180],
		[52, "BUZZER_2", 1425.85, 421.25, "B", "DIP", "GND", "GND", "C", 70.87, 70.87, 39.37, 180],
		[53, "C11_1", 1215.2, -235.45, "B", "SMD", "GND", "GND", "R", 55.51, 53.15, 0, 270],
		[54, "C11_2", 1215.2, -314.19, "B", "SMD", "BAT", "", "R", 55.51, 53.15, 0, 270],
		[55, "C12_1", 1421.09, -595.49, "B", "SMD", "GND", "GND", "R", 55.51, 53.15, 0, 270],
		[56, "C12_2", 1421.09, -674.23, "B", "SMD", "$2N228", "", "R", 55.51, 53.15, 0, 270],
		[57, "C13_1", 1508.4, -595.49, "B", "SMD", "GND", "GND", "R", 55.51, 53.15, 0, 270],
		[58, "C13_2", 1508.4, -674.23, "B", "SMD", "$2N228", "", "R", 55.51, 53.15, 0, 270],
		[59, "C14_1", 1592.16, -595.49, "B", "SMD", "GND", "GND", "R", 55.51, 53.15, 0, 270],
		[60, "C14_2", 1592.16, -674.23, "B", "SMD", "$2N228", "", "R", 55.51, 53.15, 0, 270],
		[61, "C15_1", 1863.35, -860.86, "B", "SMD", "GND", "GND", "R", 55.51, 53.15, 0, 0],
		[62, "C15_2", 1942.09, -860.86, "B", "SMD", "$2N477", "", "R", 55.51, 53.15, 0, 0],
		[63, "C16_1", 2141.59, -876.95, "T", "DIP", "$2N477", "", "C", 43.31, 43.31, 27.56, 270],
		[64, "C16_1", 2141.59, -876.95, "B", "DIP", "$2N477", "", "C", 43.31, 43.31, 27.56, 270],
		[65, "C16_2", 2141.59, -955.69, "T", "DIP", "GND", "GND", "C", 43.31, 43.31, 27.56, 270],
		[66, "C16_2", 2141.59, -955.69, "B", "DIP", "GND", "GND", "C", 43.31, 43.31, 27.56, 270],
		[67, "C17_1", 865.83, -316.55, "B", "SMD", "GND", "GND", "R", 55.51, 53.15, 0, 0],
		[68, "C17_2", 944.57, -316.55, "B", "SMD", "VCC", "", "R", 55.51, 53.15, 0, 0],
		[69, "C18_1", 2140.08, -184.97, "B", "SMD", "GND", "GND", "R", 55.51, 53.15, 0, 90],
		[70, "C18_2", 2140.08, -106.23, "B", "SMD", "5V", "", "R", 55.51, 53.15, 0, 90],
		[71, "C19_1", 2057.91, -184.97, "B", "SMD", "GND", "GND", "R", 55.51, 53.15, 0, 90],
		[72, "C19_2", 2057.91, -106.23, "B", "SMD", "5V", "", "R", 55.51, 53.15, 0, 90],
		[73, "C20_1", 1741.52, -189.97, "B", "SMD", "GND", "GND", "R", 55.51, 53.15, 0, 90],
		[74, "C20_2", 1741.52, -111.23, "B", "SMD", "3V3", "", "R", 55.51, 53.15, 0, 90],
		[75, "C21_1", 1658.51, -189.97, "B", "SMD", "GND", "GND", "R", 55.51, 53.15, 0, 90],
		[76, "C21_2", 1658.51, -111.23, "B", "SMD", "3V3", "", "R", 55.51, 53.15, 0, 90],
		[77, "C22_1", 2620.46, -534.38, "B", "SMD", "GND", "GND", "R", 55.51, 53.15, 0, 270],
		[78, "C22_2", 2620.46, -613.12, "B", "SMD", "CHIP_PU", "", "R", 55.51, 53.15, 0, 270],
		[79, "D1_1", 938.26, -412.29, "B", "SMD", "VCC", "", "R", 94.49, 59.05, 0, 0],
		[80, "D1_2", 844.76, -412.29, "B", "SMD", "VBUS", "", "R", 41.34, 59.05, 0, 0],
		[81, "D2_1", 1278.4, -903.06, "B", "SMD", "5V", "", "R", 47.24, 37.4, 0, 90],
		[82, "D2_2", 1278.4, -769.2, "B", "SMD", "VIN", "", "R", 47.24, 37.4, 0, 90],
		[83, "D3_1", 972.13, -507.29, "B", "SMD", "VBUSIN", "", "R", 47.24, 37.4, 0, 180],
		[84, "D3_2", 838.27, -507.29, "B", "SMD", "VBUS", "", "R", 47.24, 37.4, 0, 180],
		[85, "H2_1", 2380.46, 182.75, "T", "DIP", "PWM1", "", "C", 66.93, 66.93, 47.24, 90],
		[86, "H2_1", 2380.46, 182.75, "B", "DIP", "PWM1", "", "C", 66.93, 66.93, 47.24, 90],
		[87, "H2_2", 2480.46, 182.75, "T", "DIP", "PWM2", "", "C", 66.93, 66.93, 47.24, 90],
		[88, "H2_2", 2480.46, 182.75, "B", "DIP", "PWM2", "", "C", 66.93, 66.93, 47.24, 90],
		[89, "H2_3", 2380.46, 282.75, "T", "DIP", "DIRE1", "", "C", 66.93, 66.93, 47.24, 90],
		[90, "H2_3", 2380.46, 282.75, "B", "DIP", "DIRE1", "", "C", 66.93, 66.93, 47.24, 90],
		[91, "H2_4", 2480.46, 282.75, "T", "DIP", "DIRE2", "", "C", 66.93, 66.93, 47.24, 90],
		[92, "H2_4", 2480.46, 282.75, "B", "DIP", "DIRE2", "", "C", 66.93, 66.93, 47.24, 90],
		[93, "H2_5", 2380.46, 382.75, "T", "DIP", "3V3", "", "C", 66.93, 66.93, 47.24, 90],
		[94, "H2_5", 2380.46, 382.75, "B", "DIP", "3V3", "", "C", 66.93, 66.93, 47.24, 90],
		[95, "H2_6", 2480.46, 382.75, "T", "DIP", "3V3", "", "C", 66.93, 66.93, 47.24, 90],
		[96, "H2_6", 2480.46, 382.75, "B", "DIP", "3V3", "", "C", 66.93, 66.93, 47.24, 90],
		[97, "H2_7", 2380.46, 482.75, "T", "DIP", "5V", "", "C", 66.93, 66.93, 47.24, 90],
		[98, "H2_7", 2380.46, 482.75, "B", "DIP", "5V", "", "C", 66.93, 66.93, 47.24, 90],
		[99, "H2_8", 2480.46, 482.75, "T", "DIP", "5V", "", "C", 66.93, 66.93, 47.24, 90],
		[100, "H2_8", 2480.46, 482.75, "B", "DIP", "5V", "", "C", 66.93, 66.93, 47.24, 90],
		[101, "H2_9", 2380.46, 582.75, "T", "DIP", "GND", "GND", "C", 66.93, 66.93, 47.24, 90],
		[102, "H2_9", 2380.46, 582.75, "B", "DIP", "GND", "GND", "C", 66.93, 66.93, 47.24, 90],
		[103, "H2_10", 2480.46, 582.75, "T", "DIP", "GND", "GND", "C", 66.93, 66.93, 47.24, 90],
		[104, "H2_10", 2480.46, 582.75, "B", "DIP", "GND", "GND", "C", 66.93, 66.93, 47.24, 90],
		[105, "I2S_1", 944.71, 1011.38, "T", "DIP", "5V", "", "R", 62, 66.93, 43.31, 180],
		[106, "I2S_1", 944.71, 1011.38, "B", "DIP", "5V", "", "R", 62, 66.93, 43.31, 180],
		[107, "I2S_2", 844.71, 1011.38, "T", "DIP", "GND", "GND", "C", 66.93, 66.93, 43.31, 180],
		[108, "I2S_2", 844.71, 1011.38, "B", "DIP", "GND", "GND", "C", 66.93, 66.93, 43.31, 180],
		[109, "I2S_3", 744.71, 1011.38, "T", "DIP", "I2S_A_3", "", "C", 66.93, 66.93, 43.31, 180],
		[110, "I2S_3", 744.71, 1011.38, "B", "DIP", "I2S_A_3", "", "C", 66.93, 66.93, 43.31, 180],
		[111, "I2S_4", 644.71, 1011.38, "T", "DIP", "GND", "GND", "C", 66.93, 66.93, 43.31, 180],
		[112, "I2S_4", 644.71, 1011.38, "B", "DIP", "GND", "GND", "C", 66.93, 66.93, 43.31, 180],
		[113, "I2S_5", 544.71, 1011.38, "T", "DIP", "I2S_1", "", "C", 66.93, 66.93, 43.31, 180],
		[114, "I2S_5", 544.71, 1011.38, "B", "DIP", "I2S_1", "", "C", 66.93, 66.93, 43.31, 180],
		[115, "I2S_6", 444.71, 1011.38, "T", "DIP", "I2S_2", "", "C", 66.93, 66.93, 43.31, 180],
		[116, "I2S_6", 444.71, 1011.38, "B", "DIP", "I2S_2", "", "C", 66.93, 66.93, 43.31, 180],
		[117, "I2S_7", 344.71, 1011.38, "T", "DIP", "I2S_3", "", "C", 66.93, 66.93, 43.31, 180],
		[118, "I2S_7", 344.71, 1011.38, "B", "DIP", "I2S_3", "", "C", 66.93, 66.93, 43.31, 180],
		[119, "LED3_1", 600.74, -1423.95, "T", "SMD", "STDBY", "", "R", 39.37, 49.21, 0, 0],
		[120, "LED3_2", 514.12, -1423.95, "T", "SMD", "$2N1721", "", "R", 39.37, 49.21, 0, 0],
		[121, "LED4_1", 600.74, -1333.95, "T", "SMD", "CHRG", "", "R", 39.37, 49.21, 0, 0],
		[122, "LED4_2", 514.12, -1333.95, "T", "SMD", "$2N1721", "", "R", 39.37, 49.21, 0, 0],
		[123, "LED5_1", 2575.32, 1762.67, "T", "SMD", "$3N5638", "", "R", 39.37, 49.21, 0, 0],
		[124, "LED5_2", 2488.7, 1762.67, "T", "SMD", "LED", "", "R", 39.37, 49.21, 0, 0],
		[125, "Q1_1", 1342.77, -597.46, "B", "SMD", "VBUS", "", "R", 49.21, 27.56, 0, 0],
		[126, "Q1_2", 1342.77, -672.26, "B", "SMD", "$2N228", "", "R", 49.21, 27.56, 0, 0],
		[127, "Q1_3", 1264.03, -634.86, "B", "SMD", "VIN", "", "R", 49.21, 27.56, 0, 0],
		[128, "Q2_1", 2296.41, -796.6, "B", "SMD", "VBUS", "", "R", 49.21, 27.56, 0, 0],
		[129, "Q2_2", 2296.41, -871.4, "B", "SMD", "5V", "", "R", 49.21, 27.56, 0, 0],
		[130, "Q2_3", 2217.67, -834, "B", "SMD", "$2N477", "", "R", 49.21, 27.56, 0, 0],
		[131, "Q3_1", 1172.6, -496.66, "B", "SMD", "VBUS", "", "R", 49.21, 27.56, 0, 270],
		[132, "Q3_2", 1097.8, -496.66, "B", "SMD", "VBUSIN", "", "R", 49.21, 27.56, 0, 270],
		[133, "Q3_3", 1135.2, -417.92, "B", "SMD", "BAT", "", "R", 49.21, 27.56, 0, 270],
		[134, "Q4_1", 2713.06, -1024.34, "B", "SMD", "DTR", "", "R", 16.54, 23.62, 0, 90],
		[135, "Q4_2", 2713.06, -998.75, "B", "SMD", "RTS", "", "R", 16.54, 23.62, 0, 90],
		[136, "Q4_3", 2713.06, -973.16, "B", "SMD", "CHIP_PU", "", "R", 16.54, 23.62, 0, 90],
		[137, "Q4_4", 2787.86, -973.16, "B", "SMD", "RTS", "", "R", 16.54, 23.62, 0, 270],
		[138, "Q4_5", 2787.86, -998.75, "B", "SMD", "DTR", "", "R", 16.54, 23.62, 0, 270],
		[139, "Q4_6", 2787.86, -1024.34, "B", "SMD", "ADC2_1", "", "R", 16.54, 23.62, 0, 270],
		[140, "R12_1", 2133.4, -650.49, "B", "SMD", "$2N473", "", "R", 44.59, 54.21, 0, 270],
		[141, "R12_2", 2133.4, -729.23, "B", "SMD", "$2N477", "", "R", 44.59, 54.21, 0, 270],
		[142, "R13_1", 1674.03, -558.09, "B", "SMD", "$2N228", "", "R", 44.59, 54.21, 0, 0],
		[143, "R13_2", 1752.77, -558.09, "B", "SMD", "$2N230", "", "R", 44.59, 54.21, 0, 0],
		[144, "R14_1", 2045.72, -650.49, "B", "SMD", "GND", "GND", "R", 44.59, 54.21, 0, 270],
		[145, "R14_2", 2045.72, -729.23, "B", "SMD", "$2N472", "", "R", 44.59, 54.21, 0, 270],
		[146, "R15_1", 2218.4, -729.23, "B", "SMD", "GND", "GND", "R", 44.59, 54.21, 0, 90],
		[147, "R15_2", 2218.4, -650.49, "B", "SMD", "$2N473", "", "R", 44.59, 54.21, 0, 90],
		[148, "R16_1", 1112.04, -147.29, "B", "SMD", "GND", "GND", "R", 44.59, 54.21, 0, 180],
		[149, "R16_2", 1033.3, -147.29, "B", "SMD", "$2N1528", "", "R", 44.59, 54.21, 0, 180],
		[150, "R17_1", 1175.2, -651.66, "B", "SMD", "GND", "GND", "R", 44.59, 54.21, 0, 90],
		[151, "R17_2", 1175.2, -572.92, "B", "SMD", "VBUS", "", "R", 44.59, 54.21, 0, 90],
		[152, "R18_1", 594.83, -1513.75, "T", "SMD", "VCC", "", "R", 44.59, 54.21, 0, 180],
		[153, "R18_2", 516.09, -1513.75, "T", "SMD", "$2N1721", "", "R", 44.59, 54.21, 0, 180],
		[154, "R19_1", 1130.46, -1178.12, "B", "SMD", "$2N943", "", "R", 44.59, 54.21, 0, 90],
		[155, "R19_2", 1130.46, -1099.38, "B", "SMD", "GND", "GND", "R", 44.59, 54.21, 0, 90],
		[156, "R20_1", 1045.46, -1099.38, "B", "SMD", "GND", "GND", "R", 44.59, 54.21, 0, 270],
		[157, "R20_2", 1045.46, -1178.12, "B", "SMD", "$2N948", "", "R", 44.59, 54.21, 0, 270],
		[158, "R21_1", 2620.46, -704.38, "B", "SMD", "CHIP_PU", "", "R", 44.59, 54.21, 0, 270],
		[159, "R21_2", 2620.46, -783.12, "B", "SMD", "3V3", "", "R", 44.59, 54.21, 0, 270],
		[160, "R22_1", 2569.37, 1650, "T", "SMD", "$3N5638", "", "R", 44.59, 54.21, 0, 180],
		[161, "R22_2", 2490.63, 1650, "T", "SMD", "3V3", "", "R", 44.59, 54.21, 0, 180],
		[162, "RGB_1", 48.39, 1861.32, "T", "SMD", "3V3", "", "R", 59.05, 39.37, 0, 270],
		[163, "RGB_2", -81.53, 1861.32, "T", "SMD", "RGB_2", "", "R", 59.05, 39.37, 0, 270],
		[164, "RGB_3", -81.53, 1664.47, "T", "SMD", "GND", "GND", "R", 59.05, 39.37, 0, 270],
		[165, "RGB_4", 48.39, 1664.47, "T", "SMD", "RGB", "", "R", 59.05, 39.37, 0, 270],
		[166, "S_LCD_1", -129.54, 1428.89, "T", "DIP", "5V", "", "R", 60, 62.99, 43.31, 270],
		[167, "S_LCD_1", -129.54, 1428.89, "B", "DIP", "5V", "", "R", 60, 62.99, 43.31, 270],
		[168, "S_LCD_2", -129.54, 1330.46, "T", "DIP", "RX", "", "C", 62.99, 62.99, 43.31, 270],
		[169, "S_LCD_2", -129.54, 1330.46, "B", "DIP", "RX", "", "C", 62.99, 62.99, 43.31, 270],
		[170, "S_LCD_3", -129.54, 1232.04, "T", "DIP", "TX", "", "C", 62.99, 62.99, 43.31, 270],
		[171, "S_LCD_3", -129.54, 1232.04, "B", "DIP", "TX", "", "C", 62.99, 62.99, 43.31, 270],
		[172, "S_LCD_4", -129.54, 1133.61, "T", "DIP", "GND", "GND", "C", 62.99, 62.99, 43.31, 270],
		[173, "S_LCD_4", -129.54, 1133.61, "B", "DIP", "GND", "GND", "C", 62.99, 62.99, 43.31, 270],
		[174, "SW2_1", 2750.57, -711.85, "B", "SMD", "GND", "GND", "R", 48.42, 53.54, 0, 270],
		[175, "SW2_2", 2750.57, -883.89, "B", "SMD", "CHIP_PU", "", "R", 48.42, 53.54, 0, 270],
		[176, "SW3_1", 2753.71, -1287.15, "B", "SMD", "GND", "GND", "R", 48.42, 53.54, 0, 90],
		[177, "SW3_2", 2753.71, -1115.11, "B", "SMD", "ADC2_1", "", "R", 48.42, 53.54, 0, 90],
		[178, "U3_1", 1830.49, -1186.43, "T", "DIP", "U3_1", "", "O", 59.05, 98.42, 78.74, 180],
		[179, "U3_1", 1830.49, -1186.43, "B", "DIP", "U3_1", "", "O", 59.05, 98.42, 78.74, 180],
		[180, "U3_2", 1645.45, -1186.43, "T", "DIP", "VIN", "", "O", 59.05, 98.42, 78.74, 180],
		[181, "U3_2", 1645.45, -1186.43, "B", "DIP", "VIN", "", "O", 59.05, 98.42, 78.74, 180],
		[182, "U3_3", 1460.41, -1186.43, "T", "DIP", "VBUSIN", "", "O", 59.05, 98.42, 78.74, 180],
		[183, "U3_3", 1460.41, -1186.43, "B", "DIP", "VBUSIN", "", "O", 59.05, 98.42, 78.74, 180],
		[184, "U8_1", 1737.79, -782.26, "B", "SMD", "$2N227", "", "O", 24.8, 73.42, 0, 90],
		[185, "U8_2", 1737.79, -732.26, "B", "SMD", "$2N227", "", "O", 24.8, 73.42, 0, 90],
		[186, "U8_3", 1737.79, -682.26, "B", "SMD", "$2N228", "", "O", 24.8, 73.42, 0, 90],
		[187, "U8_4", 1737.79, -632.26, "B", "SMD", "$2N230", "", "O", 24.8, 73.42, 0, 90],
		[188, "U8_5", 1949.01, -632.26, "B", "SMD", "GND", "GND", "O", 24.8, 73.42, 0, 90],
		[189, "U8_6", 1949.01, -682.26, "B", "SMD", "$2N473", "", "O", 24.8, 73.42, 0, 90],
		[190, "U8_7", 1949.01, -732.26, "B", "SMD", "$2N472", "", "O", 24.8, 73.42, 0, 90],
		[191, "U8_8", 1949.01, -782.26, "B", "SMD", "$2N477", "", "O", 24.8, 73.42, 0, 90],
		[192, "U8_9", 1843.4, -707.26, "B", "SMD", "GND", "GND", "R", 122.05, 94.49, 0, 90],
		[193, "U9_1", 1429.75, -944.86, "B", "SMD", "$2N228", "", "R", 94.49, 125.98, 0, 0],
		[194, "U9_2", 1665.97, -944.86, "B", "SMD", "$2N227", "", "R", 94.49, 125.98, 0, 0],
		[195, "U10_1", 1133.35, -239.39, "B", "SMD", "CHRG", "", "R", 43.31, 23.62, 0, 0],
		[196, "U10_2", 1133.35, -276.79, "B", "SMD", "GND", "GND", "R", 43.31, 23.62, 0, 0],
		[197, "U10_3", 1133.35, -314.19, "B", "SMD", "BAT", "", "R", 43.31, 23.62, 0, 0],
		[198, "U10_4", 1027.05, -314.19, "B", "SMD", "VCC", "", "R", 43.31, 23.62, 0, 0],
		[199, "U10_5", 1027.05, -276.79, "B", "SMD", "STDBY", "", "R", 43.31, 23.62, 0, 0],
		[200, "U10_6", 1027.05, -239.39, "B", "SMD", "$2N1528", "", "R", 43.31, 23.62, 0, 0],
		[201, "U11_1", 1370.2, -321.51, "T", "DIP", "BAT", "", "R", 60, 60, 36, 90],
		[202, "U11_1", 1370.2, -321.51, "B", "DIP", "BAT", "", "R", 60, 60, 36, 90],
		[203, "U11_2", 1370.2, -223.08, "T", "DIP", "GND", "GND", "C", 60, 60, 36, 90],
		[204, "U11_2", 1370.2, -223.08, "B", "DIP", "GND", "GND", "C", 60, 60, 36, 90],
		[205, "U12_1", 1807.21, -187.61, "B", "SMD", "GND", "GND", "R", 92.13, 38.58, 0, 90],
		[206, "U12_2", 1897.76, -187.61, "B", "SMD", "3V3", "", "R", 92.13, 38.58, 0, 90],
		[207, "U12_3", 1988.31, -187.61, "B", "SMD", "5V", "", "R", 92.13, 38.58, 0, 90],
		[208, "U12_4", 1897.76, -413.59, "B", "SMD", "3V3", "", "R", 92.13, 141.73, 0, 90],
		[209, "U14_1", 1136.12, 1908.3, "T", "SMD", "GND", "GND", "R", 37.4, 82.68, 0, 270],
		[210, "U14_2", 1136.12, 1858.3, "T", "SMD", "3V3", "", "R", 37.4, 82.68, 0, 270],
		[211, "U14_3", 1136.12, 1808.3, "T", "SMD", "CHIP_PU", "", "R", 37.4, 82.68, 0, 270],
		[212, "U14_4", 1136.12, 1758.3, "T", "SMD", "U14_4", "", "R", 37.4, 82.68, 0, 270],
		[213, "U14_5", 1136.12, 1708.3, "T", "SMD", "U14_5", "", "R", 37.4, 82.68, 0, 270],
		[214, "U14_6", 1136.12, 1658.3, "T", "SMD", "ADC1_6", "", "R", 37.4, 82.68, 0, 270],
		[215, "U14_7", 1136.12, 1608.3, "T", "SMD", "ADC1_7", "", "R", 37.4, 82.68, 0, 270],
		[216, "U14_8", 1136.12, 1558.3, "T", "SMD", "RGB", "", "R", 37.4, 82.68, 0, 270],
		[217, "U14_9", 1136.12, 1508.3, "T", "SMD", "I2S_1", "", "R", 37.4, 82.68, 0, 270],
		[218, "U14_10", 1136.12, 1458.3, "T", "SMD", "I2S_2", "", "R", 37.4, 82.68, 0, 270],
		[219, "U14_11", 1136.12, 1408.3, "T", "SMD", "I2S_3", "", "R", 37.4, 82.68, 0, 270],
		[220, "U14_12", 1136.12, 1358.3, "T", "SMD", "RX", "", "R", 37.4, 82.68, 0, 270],
		[221, "U14_13", 1136.12, 1308.3, "T", "SMD", "TX", "", "R", 37.4, 82.68, 0, 270],
		[222, "U14_14", 1136.12, 1258.3, "T", "SMD", "ADC2_5", "", "R", 37.4, 82.68, 0, 270],
		[223, "U14_15", 1265.46, 1199.44, "T", "SMD", "GND", "GND", "R", 82.68, 37.4, 0, 270],
		[224, "U14_16", 1315.46, 1199.44, "T", "SMD", "ADC2_4", "", "R", 82.68, 37.4, 0, 270],
		[225, "U14_17", 1365.46, 1199.44, "T", "SMD", "U14_17", "", "R", 82.68, 37.4, 0, 270],
		[226, "U14_18", 1415.46, 1199.44, "T", "SMD", "U14_18", "", "R", 82.68, 37.4, 0, 270],
		[227, "U14_19", 1465.46, 1199.44, "T", "SMD", "U14_19", "", "R", 82.68, 37.4, 0, 270],
		[228, "U14_20", 1515.46, 1199.44, "T", "SMD", "U14_20", "", "R", 82.68, 37.4, 0, 270],
		[229, "U14_21", 1565.46, 1199.44, "T", "SMD", "U14_21", "", "R", 82.68, 37.4, 0, 270],
		[230, "U14_22", 1615.46, 1199.44, "T", "SMD", "U14_22", "", "R", 82.68, 37.4, 0, 270],
		[231, "U14_23", 1665.46, 1199.44, "T", "SMD", "ADC2_3", "", "R", 82.68, 37.4, 0, 270],
		[232, "U14_24", 1715.46, 1199.44, "T", "SMD", "ADC2_2", "", "R", 82.68, 37.4, 0, 270],
		[233, "U14_25", 1844.79, 1258.3, "T", "SMD", "ADC2_1", "", "R", 37.4, 82.68, 0, 270],
		[234, "U14_26", 1844.79, 1308.3, "T", "SMD", "ADC2_0", "", "R", 37.4, 82.68, 0, 270],
		[235, "U14_27", 1844.79, 1358.3, "T", "SMD", "PWM2", "", "R", 37.4, 82.68, 0, 270],
		[236, "U14_28", 1844.79, 1408.3, "T", "SMD", "PWM1", "", "R", 37.4, 82.68, 0, 270],
		[237, "U14_29", 1844.79, 1458.3, "T", "SMD", "DIRE2", "", "R", 37.4, 82.68, 0, 270],
		[238, "U14_30", 1844.79, 1508.3, "T", "SMD", "DIRE1", "", "R", 37.4, 82.68, 0, 270],
		[239, "U14_31", 1844.79, 1558.3, "T", "SMD", "BEEP", "", "R", 37.4, 82.68, 0, 270],
		[240, "U14_32", 1844.79, 1608.3, "T", "SMD", "U14_32", "", "R", 37.4, 82.68, 0, 270],
		[241, "U14_33", 1844.79, 1658.3, "T", "SMD", "LED", "", "R", 37.4, 82.68, 0, 270],
		[242, "U14_34", 1844.79, 1708.3, "T", "SMD", "RXD0", "", "R", 37.4, 82.68, 0, 270],
		[243, "U14_35", 1844.79, 1758.3, "T", "SMD", "TXD0", "", "R", 37.4, 82.68, 0, 270],
		[244, "U14_36", 1844.79, 1808.3, "T", "SMD", "ECHO", "", "R", 37.4, 82.68, 0, 270],
		[245, "U14_37", 1844.79, 1858.3, "T", "SMD", "TRIG", "", "R", 37.4, 82.68, 0, 270],
		[246, "U14_38", 1844.79, 1908.3, "T", "SMD", "GND", "GND", "R", 37.4, 82.68, 0, 270],
		[247, "U14_39", 1431.39, 1605.9, "T", "SMD", "GND", "GND", "R", 35.43, 35.43, 0, 90],
		[248, "U14_39", 1376.28, 1605.9, "T", "SMD", "GND", "GND", "R", 35.43, 35.43, 0, 90],
		[249, "U14_39", 1486.52, 1605.9, "T", "SMD", "GND", "GND", "R", 35.43, 35.43, 0, 90],
		[250, "U14_39", 1486.52, 1661.02, "T", "SMD", "GND", "GND", "R", 35.43, 35.43, 0, 90],
		[251, "U14_39", 1431.4, 1661.02, "T", "SMD", "GND", "GND", "R", 35.43, 35.43, 0, 90],
		[252, "U14_39", 1376.28, 1661.02, "T", "SMD", "GND", "GND", "R", 35.43, 35.43, 0, 90],
		[253, "U14_39", 1376.28, 1550.78, "T", "SMD", "GND", "GND", "R", 35.43, 35.43, 0, 90],
		[254, "U14_39", 1431.4, 1550.78, "T", "SMD", "GND", "GND", "R", 35.43, 35.43, 0, 90],
		[255, "U14_39", 1486.52, 1550.78, "T", "SMD", "GND", "GND", "R", 35.43, 35.43, 0, 90],
		[256, "U15_1", 2406.25, -1269.04, "B", "SMD", "GND", "GND", "O", 22.05, 68.7, 0, 90],
		[257, "U15_2", 2406.25, -1219.04, "B", "SMD", "RXD0", "", "O", 22.05, 68.7, 0, 90],
		[258, "U15_3", 2406.25, -1169.04, "B", "SMD", "TXD0", "", "O", 22.05, 68.7, 0, 90],
		[259, "U15_4", 2406.25, -1119.04, "B", "SMD", "3V3", "", "O", 22.05, 68.7, 0, 90],
		[260, "U15_5", 2406.25, -1069.04, "B", "SMD", "340_D+", "", "O", 22.05, 68.7, 0, 90],
		[261, "U15_6", 2406.25, -1019.04, "B", "SMD", "340_D-", "", "O", 22.05, 68.7, 0, 90],
		[262, "U15_7", 2406.25, -969.04, "B", "SMD", "U15_7", "", "O", 22.05, 68.7, 0, 90],
		[263, "U15_8", 2406.25, -919.04, "B", "SMD", "U15_8", "", "O", 22.05, 68.7, 0, 90],
		[264, "U15_9", 2632.43, -919.04, "B", "SMD", "U15_9", "", "O", 22.05, 68.7, 0, 90],
		[265, "U15_10", 2632.43, -969.04, "B", "SMD", "U15_10", "", "O", 22.05, 68.7, 0, 90],
		[266, "U15_11", 2632.43, -1019.04, "B", "SMD", "U15_11", "", "O", 22.05, 68.7, 0, 90],
		[267, "U15_12", 2632.43, -1069.04, "B", "SMD", "U15_12", "", "O", 22.05, 68.7, 0, 90],
		[268, "U15_13", 2632.43, -1119.04, "B", "SMD", "DTR", "", "O", 22.05, 68.7, 0, 90],
		[269, "U15_14", 2632.43, -1169.04, "B", "SMD", "RTS", "", "O", 22.05, 68.7, 0, 90],
		[270, "U15_15", 2632.43, -1219.04, "B", "SMD", "U15_15", "", "O", 22.05, 68.7, 0, 90],
		[271, "U15_16", 2632.43, -1269.04, "B", "SMD", "3V3", "", "O", 22.05, 68.7, 0, 90],
		[272, "U16_1", 768.1, 2131.25, "T", "DIP", "GND", "GND", "R", 60, 60, 36, 180],
		[273, "U16_1", 768.1, 2131.25, "B", "DIP", "GND", "GND", "R", 60, 60, 36, 180],
		[274, "U16_2", 669.67, 2131.25, "T", "DIP", "ECHO", "", "C", 60, 60, 36, 180],
		[275, "U16_2", 669.67, 2131.25, "B", "DIP", "ECHO", "", "C", 60, 60, 36, 180],
		[276, "U16_3", 571.25, 2131.25, "T", "DIP", "TRIG", "", "C", 60, 60, 36, 180],
		[277, "U16_3", 571.25, 2131.25, "B", "DIP", "TRIG", "", "C", 60, 60, 36, 180],
		[278, "U16_4", 472.82, 2131.25, "T", "DIP", "5V", "", "C", 60, 60, 36, 180],
		[279, "U16_4", 472.82, 2131.25, "B", "DIP", "5V", "", "C", 60, 60, 36, 180],
		[280, "USB1_13", 1260.53, -1369.48, "T", "DIP", "GND", "GND", "O", 39.37, 82.68, 70.87, 180],
		[281, "USB1_13", 1260.53, -1369.48, "B", "DIP", "GND", "GND", "O", 39.37, 82.68, 70.87, 180],
		[282, "USB1_14", 920.38, -1369.48, "T", "DIP", "GND", "GND", "O", 39.37, 82.68, 70.87, 180],
		[283, "USB1_14", 920.38, -1369.48, "B", "DIP", "GND", "GND", "O", 39.37, 82.68, 70.87, 180],
		[284, "USB1_15", 1260.53, -1534.05, "T", "DIP", "GND", "GND", "O", 39.37, 62.99, 47.24, 180],
		[285, "USB1_15", 1260.53, -1534.05, "B", "DIP", "GND", "GND", "O", 39.37, 62.99, 47.24, 180],
		[286, "USB1_16", 920.38, -1534.05, "T", "DIP", "GND", "GND", "O", 39.37, 62.99, 47.24, 180],
		[287, "USB1_16", 920.38, -1534.05, "B", "DIP", "GND", "GND", "O", 39.37, 62.99, 47.24, 180],
		[288, "USB1_A1B12", 1217.43, -1333.46, "B", "SMD", "GND", "GND", "R", 23.62, 57.09, 0, 180],
		[289, "USB1_A4B9", 1186.92, -1333.46, "B", "SMD", "VBUS", "", "R", 23.62, 57.09, 0, 180],
		[290, "USB1_A5", 1139.67, -1333.48, "B", "SMD", "$2N943", "", "R", 11.81, 57.09, 0, 180],
		[291, "USB1_A6", 1100.3, -1333.46, "B", "SMD", "340_D+", "", "R", 11.81, 57.09, 0, 180],
		[292, "USB1_A7", 1080.62, -1333.46, "B", "SMD", "340_D-", "", "R", 11.81, 57.09, 0, 180],
		[293, "USB1_A8", 1041.25, -1333.46, "B", "SMD", "USB1_A8", "", "R", 11.81, 57.09, 0, 180],
		[294, "USB1_B1A12", 963.69, -1333.46, "B", "SMD", "GND", "GND", "R", 23.62, 57.09, 0, 180],
		[295, "USB1_B4A9", 994.01, -1333.46, "B", "SMD", "VBUS", "", "R", 23.62, 57.09, 0, 180],
		[296, "USB1_B5", 1021.56, -1333.46, "B", "SMD", "$2N948", "", "R", 11.81, 57.09, 0, 180],
		[297, "USB1_B6", 1060.93, -1333.46, "B", "SMD", "340_D+", "", "R", 11.81, 57.09, 0, 180],
		[298, "USB1_B7", 1119.99, -1333.46, "B", "SMD", "340_D-", "", "R", 11.81, 57.09, 0, 180],
		[299, "USB1_B8", 1159.36, -1333.46, "B", "SMD", "USB1_B8", "", "R", 11.81, 57.09, 0, 180]
	]
}
}